post_id,platform,country,title,content,language,translated_content,post_time,author_id,author_name,post_url,images,view_count,like_count,reply_count,share_count,keywords,sentiment,sentiment_score,topic_category,is_verified,user_level,updated_time,status
FACEBOOK_20260118040020188_01e6d218,FACEBOOK,HK,,寄语义务反诈人士们：虽然在年，系统所处理的<盗图假号移除通知>不尽人意；至少还是收到一些零零碎碎的<移除通知>也算是给予积极反诈人士们的一些精神补偿吧...... 年的系统操作方式，好像又是在"开倒车"了???因为曾经"列队进来"的移除通知似乎已成为历史矣......在加上最近频频收到莫名其妙的<假移除通知>；即被系统移除后的鬼号，依然还打得开哦到底目前系统的<移除通知>可信度有多高呢???这是在年 1 月份的前两个星期，系统赐予反诈人士们的寥寥无几<移除通知安慰奖>......年，所收到的第至个被<FB 系统>移除的鬼号通知!!!<FB 系统>移除鬼号通知的时间段：3 Jan 2026@12.06am 至 13 Jan 2026@7.47am~~~~~~~~~~~~~~~~~~~~~~~~~~~~~~~~~~~1. Zhong Hui (3 Jan 2026@12.06am)2. Zhenxi Dangxia (3 Jan 2026@12.27am)(检举自唐果版主<已闹失踪???>的举发文；即全部贴文不见了!!!)3. 林曉珠 (3 Jan 2026@12.35am)4. 陳達東 (3 Jan 2026@2.23am)5. Anna Plana (3 Jan 2026@2.25am)6. Rou Sio Sha (3 Jan 2026@2.30am)7. 高晧誌 (3 Jan 2026@2.32am)8. Kevin Lee (3 Jan 2026@2.45am)9. 专业受理欺诈案件 (5 Jan 2026@11.27am)(检举自<买一送一>的二诈假账号 B)10. 李曉燕 (5 Jan 2026@11.39am)(检举自唐果版主<已闹失踪???>的举发文；即全部贴文不见了!!!)11. 李文豪 (7 Jan 2026@2.56am)12a. Hongming Peng(7 Jan 2026@5.57pm)(第一次被系统移除后，竟然再度现身的鬼号???)12b. Hongming Peng(14 Jan 2026@12.07am)(再次检举后，莫名其妙的系统又再来第二次移除通知???)13. Kazuhiko Sugioka(9 Jan 2026@11.39pm)14. Hsin Yu Hsieh (10 Jan 2026@4.41am)15. Karl Maloney/林冠宇(10 Jan 2026@4.44am)(拥有两个鬼名的假账号)16. 陳清泉 (10 Jan 2026@4.47am)(检举自另一个反诈社团的鬼号)17. 王清遠 (10 Jan 2026@4.50am)18. 陳偉霖 (10 Jan 2026@12.49pm)(检举自唐果版主<已闹失踪???>的举发文；即全部贴文不见了!!!)19. Woo Kim (10 Jan 2026@12.56pm)20. Jie傑 (11 Jan 2026@10.13am)(检举自另一个反诈社团的鬼号)21. Micheal Le/Charlotte Lim(12 Jan 2026@1.11am)(拥有两个鬼名的假账号)22. Elliot Guo (12 Jan 2026@9.57am)23. 张秀希 (12 Jan 2026@10.09am)(检举自<反诈网友>所提供的鬼号)24. Lu Cas (13 Jan 2026@7.47am)(检举自另一个反诈社团的鬼号)衷心祈求这 24 只被 FB 系统移除的<盗图骗子们>万劫不复矣；一路走好......拜托别再回头!!!,zh,,2025/12/23 18:42,,User1,https://www.facebook.com/groups/606791207305610/posts/1572105790774142/?__cft__[0]=AZb0vP4ut6LesIkJBoQzng0bxIhW2d3t2E6wBzpiyj-YQypIHLSWh_40qTLL6IUkjendWmfMTai2P20pjwSygiJoJAWw7UYfQ94IPK-3QcoR5JwJfK6eN71fzH78uc91fMHVsLELy7V_TGfB-uilc_hfCn18PuH_eh6y1gn1NJBuIjEQ1Ct2cjVNqs_eQKzE_Jw2nyycDcF6H8cx4bajej6s_fGbYAHWm7NpQITSa-bQzQ&__tn__=%2CO%2CP-R,"{https://scontent-hkg4-1.xx.fbcdn.net/v/t39.30808-6/616820477_1602111904123792_6057324112655757849_n.jpg?stp=dst-jpg_s590x590_tt6&_nc_cat=110&ccb=1-7&_nc_sid=127cfc&_nc_ohc=a0V55qm46ZYQ7kNvwHSZ8da&_nc_oc=AdnWxo08NpuEyiH5CN4MgL35i1Gxm7yD8oZAwq_cRMOhYfyRWI4TArhDpRD8F5PatWI&_nc_zt=23&_nc_ht=scontent-hkg4-1.xx&_nc_gid=yeQbid6HAutzfb3fpgpm4A&oh=00_AfpdWxHF6Wqh8Bju6RbmVpjxxyKsULLKALdOAzLcqWAoog&oe=6971C638,https://scontent-hkg4-1.xx.fbcdn.net/v/t39.30808-6/616814942_1602111910790458_4800769420141274482_n.jpg?stp=dst-jpg_s590x590_tt6&_nc_cat=100&ccb=1-7&_nc_sid=127cfc&_nc_ohc=ETGjtg1UfdsQ7kNvwFY0V-H&_nc_oc=Admsk8rFo2ixayyhjUXGvYr2E5oCrcc2ad40g1VgB873qfKHUy8Ziag7gF9COT0tpHM&_nc_zt=23&_nc_ht=scontent-hkg4-1.xx&_nc_gid=yeQbid6HAutzfb3fpgpm4A&oh=00_Afp5P3ziG1jILmi7WkAUvSnXhFpZt1z30fKpValtq6gLRQ&oe=69719CD4,https://scontent-hkg4-1.xx.fbcdn.net/v/t39.30808-6/615339080_1602111934123789_8865200744776581267_n.jpg?stp=dst-jpg_s590x590_tt6&_nc_cat=108&ccb=1-7&_nc_sid=127cfc&_nc_ohc=H8h2g2RoaxUQ7kNvwFjVhhV&_nc_oc=Adl4s0KBaqUMiSr4Q3ESUAJQxEBoN6lhXqkKVDzdHBm_NNTUILXem1eV7fFoZ7NAbSI&_nc_zt=23&_nc_ht=scontent-hkg4-1.xx&_nc_gid=yeQbid6HAutzfb3fpgpm4A&oh=00_AfoByIGiL_mQPyUQ3F2Kjrb5b_nEoHLBCUT5s2nna7sygQ&oe=69719996,https://scontent-hkg4-1.xx.fbcdn.net/v/t39.30808-6/615353775_1602111894123793_1026430438676269929_n.jpg?stp=dst-jpg_s590x590_tt6&_nc_cat=100&ccb=1-7&_nc_sid=127cfc&_nc_ohc=efSK3HOEswkQ7kNvwFNyJ3P&_nc_oc=AdmHwJaSanuPVsIkwl8PGv2lH-Pl0zSvH2C6O585E2r-d1zGEH-oxuqY5zeKGwuyJBo&_nc_zt=23&_nc_ht=scontent-hkg4-1.xx&_nc_gid=yeQbid6HAutzfb3fpgpm4A&oh=00_Afp-33n8mBvgeEdp8xMRxaEEpEgO-AFnu2vDW24Y-QDlUA&oe=6971A4B9,https://scontent-hkg4-1.xx.fbcdn.net/v/t39.30808-6/615930802_1602111860790463_6952506344408353202_n.jpg?stp=dst-jpg_s590x590_tt6&_nc_cat=106&ccb=1-7&_nc_sid=127cfc&_nc_ohc=-ohsTA9p6t0Q7kNvwFkPAYL&_nc_oc=AdmpLOb_M748VNFqfTGFfEHrH0W05PVGQlxKJl23eb-QtrFP0yiNSHYFK_r0B6cn_0k&_nc_zt=23&_nc_ht=scontent-hkg4-1.xx&_nc_gid=yeQbid6HAutzfb3fpgpm4A&oh=00_AfryXHK5GUvy8ASuQg3ePCiC9vGNy2NdPNRJ8BCkyakJkg&oe=6971B4DC}",0,6,1,0,{},,,,FALSE,,00:27.3,active
FACEBOOK_20251102143457241_128573b4,FACEBOOK,HK,,,zh,,2025/10/14 19:29,,,https://www.facebook.com/groups/scamadvisor/posts/2001652843959596/?__cft__[0]=AZVSPNIeHOyBBxu9FKXpnA_iMxAuc-MYLg4Gebv0forSHOzivC9AvOSsjf3JxAXX9tV9-Thf6PU7JKODoiICgZGAItjYRnhSlgiacpFf1SmguMNmSVpNDq5j1YFPs32evX9KyJuhc-6zknX33K9TdXfnkKWFPcwiK3j2IhVMSs8vY3uySroa9e9RHwblQoRjIxhQf984lO8v4XmcrH36-QA4IG5SV9rr885BJej7PRQ12g&__tn__=%2CO%2CP-R,{https://scontent-hkg1-2.xx.fbcdn.net/v/t39.30808-6/565108957_4169072136692654_1756408665313667822_n.jpg?stp=cp6_dst-jpg_p526x296_tt6&_nc_cat=107&ccb=1-7&_nc_sid=aa7b47&_nc_ohc=vO2HSHUK-XYQ7kNvwF0_Oy0&_nc_oc=AdkO6QBsXupMCbPwxX3rAllliY3ez6uYfNOiCaSPK-lFMAF-v6ye_M3XCt3b8Y9kZ28&_nc_zt=23&_nc_ht=scontent-hkg1-2.xx&_nc_gid=FOdcs_HwBWpjPacK2xUY5A&oh=00_AfegR_b90Hp1rAJC9cGnWT6wqXA0rv3qFI_q6shHH0G3HA&oe=68F41010},0,0,0,0,{},neutral,0,其他,FALSE,member,34:57.0,active
FACEBOOK_20251102143457837_13923c08,FACEBOOK,HK,,,zh,,2025/10/14 18:50,,,https://www.facebook.com/groups/scamadvisor/posts/2001627153962165/?__cft__[0]=AZVYK_FqYUzUeaMEIR5TjxQqsH2savyZ2B-d5vb-m-2SW089uLwRG7Hk-Ga1m8yQNOn1GtG77ZiG0x8VN7Ui0djdNLxSsxONdysM0hIZqJysUpiBMUH0gEpzPPnDNoGJQl7hF8x5HPHL43xSJsX-EgEc38GGe034DebcLQku4CfNjgu6P288ASa3Zs10HBKSSowFdQXR9VNUv92A0orRyEgX&__tn__=%2CO%2CP-R,{},0,0,0,0,{},neutral,0,其他,FALSE,member,34:57.0,active
FACEBOOK_20251102143458424_8933fdbd,FACEBOOK,HK,,,zh,,2025/10/14 18:31,,,https://www.facebook.com/groups/scamadvisor/posts/2001604083964472/?__cft__[0]=AZV18Lq4FJ310suIl6xDLw0R2Tsrd5A-cYPW0REjLa5DPSZS_35ycpZsuJnZMHp8exCGTsIpkn5yhJcP-rMVguoMF-P3mmUM_qExAS3Hjm91ismqaex6dqEhuEqvCpRL2t7Nzqi5vF3UIJoewtFQEnbdHYRDG9-MZqkZFbcZ46rOh71gAjljMUvdQTjP6WrT5bPWvuGVPk3rbxd5xNutpPOcDYqKuOb3uHPLAW15wa55jA&__tn__=%2CO%2CP-R,{},0,0,0,0,{},neutral,0,其他,FALSE,member,34:58.0,active
FACEBOOK_20251102143459354_2c6ab99c,FACEBOOK,HK,,高中時期有半工半讀賺點零用錢，家人也千交代萬交代叫我存起來我不要去動，他也不會去動，我也都沒動，後來發現他被詐騙了，他也動我高中存的那些錢，我現在完全不知道怎麼面對他，不知道怎麼信任自己的家人，有人知道怎麼辦嗎？,zh,,2025/10/14 18:31,,,https://www.facebook.com/groups/scamadvisor/posts/2001584337299780/?__cft__[0]=AZUAVNaMTWguDX6rWjB3tYHQQD_IddIpdWHjU58GBEw4M-GR-iw9RERAzMrzgglDGqtDF0JjBpQW42Hv7XydmfWYNBMnf6zj6kqMs4xfh-jAot4quh7f87FvWsVJmghFG1u75eKWbZE5SHnScU0vNtFx4Cn2mKY8g-Lind1DavS45DN5w31-vgM-JG7F9EzUsHwL-F_sz6M-b43qLq3UtUrD&__tn__=%2CO%2CP-R,{},0,0,0,0,{},neutral,0,其他,FALSE,member,34:59.0,active
FACEBOOK_20251102143459724_781be573,FACEBOOK,HK,,,zh,,2025/10/14 17:31,,,https://www.facebook.com/groups/scamadvisor/posts/2001569840634563/?__cft__[0]=AZUKmGExIhCuE0TXsSoSM5tANW_2l2RA073I25_QlFAO1iVMbrLA9u3tARvMED9n4YKE2FeiU8GfI05OnrCl-AXHkourIcmcriEJ_YIUqJMhVT2p5jhrATx15Bb4U1kxG1p0WAzpZqQti6iagIJoeg58BXly83V2_cm8an6rfUsZpV5H27HtY3NN-OnqxHDHRKbdcfUGM1-tTWjkwm5L20wG00BCPJqdSK7YONx8tf8dYA&__tn__=%2CO%2CP-R,"{https://scontent-hkg1-2.xx.fbcdn.net/v/t39.30808-6/564040336_1087933686520922_1273624302886697595_n.jpg?stp=dst-jpg_s600x600_tt6&_nc_cat=102&ccb=1-7&_nc_sid=aa7b47&_nc_ohc=2I2UeYHczz8Q7kNvwHfTNfZ&_nc_oc=AdniHyDU1vsVMFap72sNaQVMCvrKzsM_tKM8F3yYDNh1R0xvGxJR440HbpuyTSkUsRc&_nc_zt=23&_nc_ht=scontent-hkg1-2.xx&_nc_gid=uPuIy0RVFXdDe63WoE0Hjw&oh=00_AffpLy0kaGHkKmxrWFaltF1eMrrlWzUPTOvYRJjJWuhOFw&oe=68F3FB8D,https://scontent-hkg1-1.xx.fbcdn.net/v/t39.30808-6/564681658_1087933746520916_8695720063147936610_n.jpg?stp=dst-jpg_s600x600_tt6&_nc_cat=105&ccb=1-7&_nc_sid=aa7b47&_nc_ohc=gnnsRhkeTdwQ7kNvwEq5QPi&_nc_oc=AdkqQ5umAELULgwBEOq87ItENRwce63IVxr3Hbpst-4brUKqy5pKYDbT-Kn5dNBUWP0&_nc_zt=23&_nc_ht=scontent-hkg1-1.xx&_nc_gid=uPuIy0RVFXdDe63WoE0Hjw&oh=00_AfebUR5tOG9wnEdOw7UAQxe5S3oURf-dEq2rF4rpeUH-HQ&oe=68F40B1D,https://scontent-hkg1-1.xx.fbcdn.net/v/t39.30808-6/565238605_1087933789854245_691487848190383569_n.jpg?stp=dst-jpg_s600x600_tt6&_nc_cat=105&ccb=1-7&_nc_sid=aa7b47&_nc_ohc=LwYTjwB_FLMQ7kNvwEvpQrr&_nc_oc=Adn2algbPch5lJqKLiO9qdmoPLikh3__0dxF2VgvUr4ObQ59Omn-XVUaX9UKIfcPGSo&_nc_zt=23&_nc_ht=scontent-hkg1-1.xx&_nc_gid=uPuIy0RVFXdDe63WoE0Hjw&oh=00_AfcuaTejQtxCby3COjF8oPyvPDRn92xUf0FD-BsEXf9chA&oe=68F3EB66}",0,0,0,0,{},neutral,0,其他,FALSE,member,34:59.0,active
FACEBOOK_20251102143500097_8d7fc01e,FACEBOOK,HK,,https://secure.avaaz.org/community_petitions/en/sheng_yuan_yu_meng_long_de_suo_you_shan_liang_ren__justice_for_yu_menglong_alan_yu_wei_yu_meng_long_tao_gong_dao/?__HASH__=&utm_source=copy&utm_medium=social_share&utm_campaign=1748244&utm_term=__HASH__%2Ben&share_location=do_postaction&astro=true,zh,,2025/10/14 16:31,,,https://www.facebook.com/groups/scamadvisor/posts/2001481773976703/?__cft__[0]=AZWMcZGzn5rAWaQgtJMpIuBGmT8LnXiZW1EDl_bZZUCFm9ZgL9LgfegzR6FV6d66vz6i0ElThA_-t8fdVtLsaawYHSF8oiYhy3cByQLSFsSsP04iVln62cQdy-KuNWcgH_fN-rixGWNBh0v366TcHwXgBbbWjdp19jKFjNV69Q6JP0elHd040WFK-43IUGa5WCbatYYitK_wkeLtTJUx5EfO&__tn__=%2CO%2CP-R,"{https://scontent-hkg4-1.xx.fbcdn.net/v/t39.30808-6/559163703_3845820902389268_8349115022213248528_n.jpg?stp=dst-jpg_p296x100_tt6&_nc_cat=108&ccb=1-7&_nc_sid=aa7b47&_nc_ohc=MEwFB_IsaXIQ7kNvwEJJAFb&_nc_oc=AdlYk704utuDCueM6P5wBfOQtUbTzATv71CB4LrB4QIiCCGebFgZhEYzvlcM8BD2dfk&_nc_zt=23&_nc_ht=scontent-hkg4-1.xx&_nc_gid=uPuIy0RVFXdDe63WoE0Hjw&oh=00_AfcyVImfZl1hjghFwOdTCaxrUOyNIFvmPfawQROx5jTEgA&oe=68F3F812,https://scontent-hkg4-1.xx.fbcdn.net/v/t39.30808-6/565612988_3845820915722600_6413398561050742262_n.jpg?stp=dst-jpg_p296x100_tt6&_nc_cat=108&ccb=1-7&_nc_sid=aa7b47&_nc_ohc=TvUSD2210wEQ7kNvwGJdlI0&_nc_oc=AdlIZPyDWdnD5_4xEqAvUVaS_RB4NXxVV8zMZ1jabnnv9AbMoiAaSk2hdeVwX7l1R1k&_nc_zt=23&_nc_ht=scontent-hkg4-1.xx&_nc_gid=uPuIy0RVFXdDe63WoE0Hjw&oh=00_Afduxen92-9al8mX4VDDoWvSJ3cgcECrtSps1jU0Y69t8A&oe=68F41310,https://scontent-hkg1-2.xx.fbcdn.net/v/t39.30808-6/561305888_3845820972389261_6602959786751653444_n.jpg?stp=dst-jpg_p296x100_tt6&_nc_cat=102&ccb=1-7&_nc_sid=aa7b47&_nc_ohc=qX--iAVsBuYQ7kNvwGFipbG&_nc_oc=AdnstPCsXeu0cyWYefc4nEbbo53UMybmOj_q8iQxYNXFz3Hp5VF3A_ZKNCsInjiIR5A&_nc_zt=23&_nc_ht=scontent-hkg1-2.xx&_nc_gid=uPuIy0RVFXdDe63WoE0Hjw&oh=00_AfetGNMnG8DtV5z6bgEX5nXXmyBv5749Ghh-Mia6LiCpTQ&oe=68F4190C,https://scontent-hkg1-2.xx.fbcdn.net/v/t39.30808-6/565754428_3845820959055929_110521299695554573_n.jpg?stp=dst-jpg_p296x100_tt6&_nc_cat=103&ccb=1-7&_nc_sid=aa7b47&_nc_ohc=uomJeyswURwQ7kNvwEsu-td&_nc_oc=AdmgEmeBb5gC3RN3TA92rwc0hxuJvtGD3e8L6QXrqiSHquLYLP92omsOp-Vc1HkGQJI&_nc_zt=23&_nc_ht=scontent-hkg1-2.xx&_nc_gid=uPuIy0RVFXdDe63WoE0Hjw&oh=00_Aff10c9OHnks7_ZUo-OB2wnXsWjAPwEZlI1-KnTli2yzmA&oe=68F4119A}",0,0,0,0,{},neutral,0,其他,FALSE,member,35:00.0,active
FACEBOOK_20251102143500498_456e22bc,FACEBOOK,HK,,請問這個是詐騙嗎？謝謝,zh,,2025/10/14 16:32,,,https://www.facebook.com/groups/scamadvisor/posts/2001403423984538/?__cft__[0]=AZV2H11eyYo7eMcqLXVdTRHq1m3UllKTM-SWvibacehl_RfngPpayY3DrJklgBsbpIONPlV4nY56Ts-yIbq0iwczTK64_rPa4nYAzukoNud32A0yCer2J6T6ZVDULk1SKLZAGF_OdoZo1i5c6egmGNFPajqEO5-vSY343NNqhVgexzi2vmxGI3e7IyZ_BMAOjCZs7pctWJ10jDcjK3cekd9T&__tn__=%2CO%2CP-R,{https://scontent-hkg1-1.xx.fbcdn.net/v/t39.30808-6/562387048_25297028693225753_4274340052220408497_n.jpg?stp=dst-jpg_p526x296_tt6&_nc_cat=101&ccb=1-7&_nc_sid=aa7b47&_nc_ohc=8048BHuvhpsQ7kNvwHgBoJo&_nc_oc=Adk8jiy1535boa4S5P4LRiLx2QQS17maSFG-eNIK6PizoPXGYvhz9VVAhD1y9TWadmQ&_nc_zt=23&_nc_ht=scontent-hkg1-1.xx&_nc_gid=gjovKIx_ULzvtxdBBjUiNg&oh=00_AffOyMYc7DaSS7x9vn7e0-AO3CilyHRzcSgw6B7wn08ZgQ&oe=68F3F758},0,0,0,0,{},neutral,0,其他,FALSE,member,35:00.0,active
FACEBOOK_20251102143500886_97ad8cbe,FACEBOOK,HK,,幹嘛遣送回來？,zh,,2025/10/14 16:32,,,https://www.facebook.com/groups/scamadvisor/posts/2001524790639068/?__cft__[0]=AZUE98vkEtB4syscw-sjOmTpcb2jmK24fN-qgcQxEGlBiOwy-QahMYpoGfJpFDzgbv6HPyojUav9Xegwt_C1J1mQWuJqa3MiWsgcmkdVLxRS-qESfAxz_7efUfINFzAPmi2APWjHlzxIkVvB4MHwQ0uwGb5IYNEiT4ciMXdCqnYUEj1p0wlD0qUiiVk8Sx0TUnBrpnJPT__RGtPgDfruLNoeITR2_h96y2lTYp5TeefvlA&__tn__=%2CO%2CP-R,{},0,0,0,0,{},neutral,0,其他,FALSE,member,35:00.0,active
